code,name,team_type,gender,country_code,events
FSKXPAIRS---ARM01,AKOPOVA Karina / RAKHMANIN Nikita,CPLW,X,ARM,"[{'discipline': 'Figure Skating', 'event': 'Pair Skating'}]"
BOBMTEAM2---GER03,AMMOUR Adam,CUSTOM,M,GER,"[{'discipline': 'Bobsleigh', 'event': '2-man'}]"
BOBMTEAM4---GER03,AMMOUR Adam,CUSTOM,M,GER,"[{'discipline': 'Bobsleigh', 'event': '4-man'}]"
BOBWTEAM2---ITA01,ANDREUTTI Giada,CUSTOM,W,ITA,"[{'discipline': 'Bobsleigh', 'event': '2-woman'}]"
SKNXRELAY2--LAT01,ANDZANE Marta / INDRIKSONS Emils,CPLW,X,LAT,"[{'discipline': 'Skeleton', 'event': 'Mixed Team'}]"
BOBWTEAM2---SUI02,ANNEN Debora,CUSTOM,W,SUI,"[{'discipline': 'Bobsleigh', 'event': '2-woman'}]"
BOBWTEAM2---CAN01,APPIAH Cynthia,CUSTOM,W,CAN,"[{'discipline': 'Bobsleigh', 'event': '2-woman'}]"
ALPWTC-----ARG,Argentina,ORG,W,ARG,"[{'discipline': 'Alpine Skiing', 'event': ""Women's Team Combined""}]"
CCSWTEAMSP2-ARG01,Argentina,ORG,W,ARG,"[{'discipline': 'Cross-Country Skiing', 'event': ""Women's Team Sprint Free""}]"
CCSMTEAMSP2-ARG01,Argentina,ORG,M,ARG,"[{'discipline': 'Cross-Country Skiing', 'event': ""Men's Team Sprint Free""}]"
BOBWTEAM2---USA01,ARMBRUSTER HUMPHRIES Kaillie,CUSTOM,W,USA,"[{'discipline': 'Bobsleigh', 'event': '2-woman'}]"
BOBMTEAM2---CAN02,AUSTIN Taylor,CUSTOM,M,CAN,"[{'discipline': 'Bobsleigh', 'event': '2-man'}]"
BOBMTEAM4---CAN01,AUSTIN Taylor,CUSTOM,M,CAN,"[{'discipline': 'Bobsleigh', 'event': '4-man'}]"
CCSWTEAMSP2-AUS01,Australia,ORG,W,AUS,"[{'discipline': 'Cross-Country Skiing', 'event': ""Women's Team Sprint Free""}]"
CCSW4X7.5KM-AUS01,Australia,ORG,W,AUS,"[{'discipline': 'Cross-Country Skiing', 'event': ""Women's 4 x 7.5km Relay""}]"
CCSMTEAMSP2-AUS01,Australia,ORG,M,AUS,"[{'discipline': 'Cross-Country Skiing', 'event': ""Men's Team Sprint Free""}]"
FRSXAET-----AUS01,Australia,ORG,X,AUS,"[{'discipline': 'Freestyle Skiing', 'event': 'Mixed Team Aerials'}]"
SMTXRELAY---AUS01,Australia,ORG,X,AUS,"[{'discipline': 'Ski Mountaineering', 'event': 'Mixed Relay'}]"
SBDXBXT-----AUS01,Australia 1,ORGN,X,AUS,"[{'discipline': 'Snowboard', 'event': 'Mixed Team Snowboard Cross'}]"
SBDXBXT-----AUS02,Australia 2,ORGN,X,AUS,"[{'discipline': 'Snowboard', 'event': 'Mixed Team Snowboard Cross'}]"
SJPMLHTEAM2-AUT01,Austria,ORG,M,AUT,"[{'discipline': 'Ski Jumping', 'event': ""Men's Super Team""}]"
SJPXNHTEAM4-AUT01,Austria,ORG,X,AUT,"[{'discipline': 'Ski Jumping', 'event': 'Mixed Team'}]"
NCBMLH2X7.5KAUT01,Austria,ORG,M,AUT,"[{'discipline': 'Nordic Combined', 'event': 'Team Sprint'}]"
SMTXRELAY---AUT01,Austria,ORG,X,AUT,"[{'discipline': 'Ski Mountaineering', 'event': 'Mixed Relay'}]"
CCSMTEAMSP2-AUT01,Austria,ORG,M,AUT,"[{'discipline': 'Cross-Country Skiing', 'event': ""Men's Team Sprint Free""}]"
LUGXRELAY6--AUT01,Austria,ORG,X,AUT,"[{'discipline': 'Luge', 'event': 'Team Relay'}]"
CCSW4X7.5KM-AUT01,Austria,ORG,W,AUT,"[{'discipline': 'Cross-Country Skiing', 'event': ""Women's 4 x 7.5km Relay""}]"
CCSWTEAMSP2-AUT02,Austria,ORG,W,AUT,"[{'discipline': 'Cross-Country Skiing', 'event': ""Women's Team Sprint Free""}]"
BTHM4X7.5KM-AUT01,Austria,ORG,M,AUT,"[{'discipline': 'Biathlon', 'event': ""Men's 4 x 7.5km Relay""}]"
BTHW4X6KM---AUT01,Austria,ORG,W,AUT,"[{'discipline': 'Biathlon', 'event': ""Women's 4 x 6km Relay""}]"
BTHXRELAY4--AUT01,Austria,ORG,X,AUT,"[{'discipline': 'Biathlon', 'event': 'Mixed Relay 4 x 6km (M+W)'}]"
ALPWTC-----AUT01,Austria 1,ORGN,W,AUT,"[{'discipline': 'Alpine Skiing', 'event': ""Women's Team Combined""}]"
ALPMTC-----AUT01,Austria 1,ORGN,M,AUT,"[{'discipline': 'Alpine Skiing', 'event': ""Men's Team Combined""}]"
SBDXBXT-----AUT01,Austria 1,ORGN,X,AUT,"[{'discipline': 'Snowboard', 'event': 'Mixed Team Snowboard Cross'}]"
ALPMTC-----AUT02,Austria 2,ORGN,M,AUT,"[{'discipline': 'Alpine Skiing', 'event': ""Men's Team Combined""}]"
ALPWTC-----AUT02,Austria 2,ORGN,W,AUT,"[{'discipline': 'Alpine Skiing', 'event': ""Women's Team Combined""}]"
ALPWTC-----AUT03,Austria 3,ORGN,W,AUT,"[{'discipline': 'Alpine Skiing', 'event': ""Women's Team Combined""}]"
ALPMTC-----AUT03,Austria 3,ORGN,M,AUT,"[{'discipline': 'Alpine Skiing', 'event': ""Men's Team Combined""}]"
ALPMTC-----AUT04,Austria 4,ORGN,M,AUT,"[{'discipline': 'Alpine Skiing', 'event': ""Men's Team Combined""}]"
ALPWTC-----AUT04,Austria 4,ORGN,W,AUT,"[{'discipline': 'Alpine Skiing', 'event': ""Women's Team Combined""}]"
BOBMTEAM4---ITA01,BAUMGARTNER Patrick,CUSTOM,M,ITA,"[{'discipline': 'Bobsleigh', 'event': '4-man'}]"
BOBMTEAM2---ITA01,BAUMGARTNER Patrick,CUSTOM,M,ITA,"[{'discipline': 'Bobsleigh', 'event': '2-man'}]"
BOBWTEAM2---AUT01,BEIERL Katrin,CUSTOM,W,AUT,"[{'discipline': 'Bobsleigh', 'event': '2-woman'}]"
FSKXICEDANCEGBR02,BEKKER Phebe / HERNANDEZ James,CPLW,X,GBR,"[{'discipline': 'Figure Skating', 'event': 'Ice Dance'}, {'discipline': 'Figure Skating', 'event': 'Team Event'}]"
SSKWTEAMPU--BEL01,Belgium,ORG,W,BEL,"[{'discipline': 'Speed Skating', 'event': ""Women's Team Pursuit""}]"
STKM5000MRY4BEL01,Belgium,ORG,M,BEL,"[{'discipline': 'Short Track Speed Skating', 'event': ""Men's 5000m Relay""}]"
STKXRELAY4--BEL01,Belgium,ORG,X,BEL,"[{'discipline': 'Short Track Speed Skating', 'event': 'Mixed Team Relay'}]"
BTHXRELAY4--BEL01,Belgium,ORG,X,BEL,"[{'discipline': 'Biathlon', 'event': 'Mixed Relay 4 x 6km (M+W)'}]"
BTHW4X6KM---BEL01,Belgium,ORG,W,BEL,"[{'discipline': 'Biathlon', 'event': ""Women's 4 x 6km Relay""}]"
BTHM4X7.5KM-BEL01,Belgium,ORG,M,BEL,"[{'discipline': 'Biathlon', 'event': ""Men's 4 x 7.5km Relay""}]"
BOBMTEAM2---BRA01,BINDILATTI Edson Luques,CUSTOM,M,BRA,"[{'discipline': 'Bobsleigh', 'event': '2-man'}]"
BOBMTEAM4---BRA01,BINDILATTI Edson Luques,CUSTOM,M,BRA,"[{'discipline': 'Bobsleigh', 'event': '4-man'}]"
BOBWTEAM2---AUS02,BLIZZARD Sarah,CUSTOM,W,AUS,"[{'discipline': 'Bobsleigh', 'event': '2-woman'}]"
BOBWTEAM2---FRA01,BOCH Margot,CUSTOM,W,FRA,"[{'discipline': 'Bobsleigh', 'event': '2-woman'}]"
LUGMDOUBLES-SVK01,BOSMAN Christian / MICK Bruno,CPLP,M,SVK,"[{'discipline': 'Luge', 'event': ""Men's Doubles""}]"
LUGMDOUBLES-LAT01,BOTS Martins / PLUME Roberts,CPLP,M,LAT,"[{'discipline': 'Luge', 'event': ""Men's Doubles""}, {'discipline': 'Luge', 'event': 'Team Relay'}]"
CCSWTEAMSP2-BRA01,Brazil,ORG,W,BRA,"[{'discipline': 'Cross-Country Skiing', 'event': ""Women's Team Sprint Free""}]"
BOBMTEAM2---TTO01,BROWN Axel,CUSTOM,M,TTO,"[{'discipline': 'Bobsleigh', 'event': '2-man'}]"
BOBMTEAM4---TTO01,BROWN Axel,CUSTOM,M,TTO,"[{'discipline': 'Bobsleigh', 'event': '4-man'}]"
BOBWTEAM2---GER03,BUCKWITZ Lisa,CUSTOM,W,GER,"[{'discipline': 'Bobsleigh', 'event': '2-woman'}]"
BTHXRELAY4--BUL01,Bulgaria,ORG,X,BUL,"[{'discipline': 'Biathlon', 'event': 'Mixed Relay 4 x 6km (M+W)'}]"
BTHM4X7.5KM-BUL01,Bulgaria,ORG,M,BUL,"[{'discipline': 'Biathlon', 'event': ""Men's 4 x 7.5km Relay""}]"
BTHW4X6KM---BUL01,Bulgaria,ORG,W,BUL,"[{'discipline': 'Biathlon', 'event': ""Women's 4 x 6km Relay""}]"
CCSMTEAMSP2-BUL01,Bulgaria,ORG,M,BUL,"[{'discipline': 'Cross-Country Skiing', 'event': ""Men's Team Sprint Free""}]"
CCSMTEAMSP2-CAN01,Canada,ORG,M,CAN,"[{'discipline': 'Cross-Country Skiing', 'event': ""Men's Team Sprint Free""}]"
CCSM4X7.5KM-CAN01,Canada,ORG,M,CAN,"[{'discipline': 'Cross-Country Skiing', 'event': ""Men's 4 x 7.5km Relay""}]"
FRSXAET-----CAN01,Canada,ORG,X,CAN,"[{'discipline': 'Freestyle Skiing', 'event': 'Mixed Team Aerials'}]"
CURMTEAM4---CAN01,Canada,ORG,M,CAN,"[{'discipline': 'Curling', 'event': 'Men'}]"
CURWTEAM4---CAN01,Canada,ORG,W,CAN,"[{'discipline': 'Curling', 'event': 'Women'}]"
CURXTEAM2---CAN01,Canada,ORG,X,CAN,"[{'discipline': 'Curling', 'event': 'Mixed Doubles'}]"
FSKXTEAM----CAN01,Canada,ORG,X,CAN,"[{'discipline': 'Figure Skating', 'event': 'Team Event'}]"
IHOMTEAM6---CAN01,Canada,ORG,M,CAN,"[{'discipline': 'Ice Hockey', 'event': 'Men'}]"
IHOWTEAM6---CAN01,Canada,ORG,W,CAN,"[{'discipline': 'Ice Hockey', 'event': 'Women'}]"
STKXRELAY4--CAN01,Canada,ORG,X,CAN,"[{'discipline': 'Short Track Speed Skating', 'event': 'Mixed Team Relay'}]"
STKM5000MRY4CAN01,Canada,ORG,M,CAN,"[{'discipline': 'Short Track Speed Skating', 'event': ""Men's 5000m Relay""}]"
STKW3000MRY4CAN01,Canada,ORG,W,CAN,"[{'discipline': 'Short Track Speed Skating', 'event': ""Women's 3000m Relay""}]"
SSKWTEAMPU--CAN01,Canada,ORG,W,CAN,"[{'discipline': 'Speed Skating', 'event': ""Women's Team Pursuit""}]"
BTHW4X6KM---CAN01,Canada,ORG,W,CAN,"[{'discipline': 'Biathlon', 'event': ""Women's 4 x 6km Relay""}]"
BTHM4X7.5KM-CAN01,Canada,ORG,M,CAN,"[{'discipline': 'Biathlon', 'event': ""Men's 4 x 7.5km Relay""}]"
CCSWTEAMSP2-CAN01,Canada,ORG,W,CAN,"[{'discipline': 'Cross-Country Skiing', 'event': ""Women's Team Sprint Free""}]"
CCSW4X7.5KM-CAN01,Canada,ORG,W,CAN,"[{'discipline': 'Cross-Country Skiing', 'event': ""Women's 4 x 7.5km Relay""}]"
BTHXRELAY4--CAN01,Canada,ORG,X,CAN,"[{'discipline': 'Biathlon', 'event': 'Mixed Relay 4 x 6km (M+W)'}]"
ALPWTC-----CAN01,Canada 1,ORGN,W,CAN,"[{'discipline': 'Alpine Skiing', 'event': ""Women's Team Combined""}]"
SBDXBXT-----CAN01,Canada 1,ORGN,X,CAN,"[{'discipline': 'Snowboard', 'event': 'Mixed Team Snowboard Cross'}]"
ALPWTC-----CAN02,Canada 2,ORGN,W,CAN,"[{'discipline': 'Alpine Skiing', 'event': ""Women's Team Combined""}]"
FSKXICEDANCEUSA03,CARREIRA Christina / PONOMARENKO Anthony,CPLW,X,USA,"[{'discipline': 'Figure Skating', 'event': 'Ice Dance'}, {'discipline': 'Figure Skating', 'event': 'Team Event'}]"
BOBWTEAM2---SVK01,CERNANSKA Viktoria,CUSTOM,W,SVK,"[{'discipline': 'Bobsleigh', 'event': '2-woman'}]"
FSKXPAIRS---USA02,CHAN Emily / HOWE Spencer Akira,CPLW,X,USA,"[{'discipline': 'Figure Skating', 'event': 'Pair Skating'}, {'discipline': 'Figure Skating', 'event': 'Team Event'}]"
SKNXRELAY2--CAN01,CHANNELL Jane / BRUSIC Josip,CPLW,X,CAN,"[{'discipline': 'Skeleton', 'event': 'Mixed Team'}]"
LUGMDOUBLES-POL01,CHMIELEWSKI Wojciech / GANCARCZYK Michal,CPLP,M,POL,"[{'discipline': 'Luge', 'event': ""Men's Doubles""}, {'discipline': 'Luge', 'event': 'Team Relay'}]"
FSKXICEDANCEUSA01,CHOCK Madison / BATES Evan,CPLW,X,USA,"[{'discipline': 'Figure Skating', 'event': 'Ice Dance'}, {'discipline': 'Figure Skating', 'event': 'Team Event'}]"
FSKXPAIRS---POL01,CHTCHETININA Ioulia / WOZNIAK Michal,CPLW,X,POL,"[{'discipline': 'Figure Skating', 'event': 'Pair Skating'}, {'discipline': 'Figure Skating', 'event': 'Team Event'}]"
FSKXPAIRS---ITA01,CONTI Sara / MACII Niccolo,CPLW,X,ITA,"[{'discipline': 'Figure Skating', 'event': 'Pair Skating'}, {'discipline': 'Figure Skating', 'event': 'Team Event'}]"
CCSWTEAMSP2-CRO01,Croatia,ORG,W,CRO,"[{'discipline': 'Cross-Country Skiing', 'event': ""Women's Team Sprint Free""}]"
SKNXRELAY2--USA01,CURTIS Kelly / BAREFOOT Daniel,CPLW,X,USA,"[{'discipline': 'Skeleton', 'event': 'Mixed Team'}]"
NCBMLH2X7.5KCZE01,Czechia,ORG,M,CZE,"[{'discipline': 'Nordic Combined', 'event': 'Team Sprint'}]"
IHOWTEAM6---CZE01,Czechia,ORG,W,CZE,"[{'discipline': 'Ice Hockey', 'event': 'Women'}]"
IHOMTEAM6---CZE01,Czechia,ORG,M,CZE,"[{'discipline': 'Ice Hockey', 'event': 'Men'}]"
CURXTEAM2---CZE01,Czechia,ORG,X,CZE,"[{'discipline': 'Curling', 'event': 'Mixed Doubles'}]"
CURMTEAM4---CZE01,Czechia,ORG,M,CZE,"[{'discipline': 'Curling', 'event': 'Men'}]"
CCSM4X7.5KM-CZE01,Czechia,ORG,M,CZE,"[{'discipline': 'Cross-Country Skiing', 'event': ""Men's 4 x 7.5km Relay""}]"
CCSWTEAMSP2-CZE01,Czechia,ORG,W,CZE,"[{'discipline': 'Cross-Country Skiing', 'event': ""Women's Team Sprint Free""}]"
CCSMTEAMSP2-CZE01,Czechia,ORG,M,CZE,"[{'discipline': 'Cross-Country Skiing', 'event': ""Men's Team Sprint Free""}]"
CCSW4X7.5KM-CZE01,Czechia,ORG,W,CZE,"[{'discipline': 'Cross-Country Skiing', 'event': ""Women's 4 x 7.5km Relay""}]"
BTHM4X7.5KM-CZE01,Czechia,ORG,M,CZE,"[{'discipline': 'Biathlon', 'event': ""Men's 4 x 7.5km Relay""}]"
BTHW4X6KM---CZE01,Czechia,ORG,W,CZE,"[{'discipline': 'Biathlon', 'event': ""Women's 4 x 6km Relay""}]"
BTHXRELAY4--CZE01,Czechia,ORG,X,CZE,"[{'discipline': 'Biathlon', 'event': 'Mixed Relay 4 x 6km (M+W)'}]"
ALPMTC-----CZE,Czechia,ORG,M,CZE,"[{'discipline': 'Alpine Skiing', 'event': ""Men's Team Combined""}]"
ALPWTC-----CZE01,Czechia 1,ORGN,W,CZE,"[{'discipline': 'Alpine Skiing', 'event': ""Women's Team Combined""}]"
SBDXBXT-----CZE01,Czechia 1,ORGN,X,CZE,"[{'discipline': 'Snowboard', 'event': 'Mixed Team Snowboard Cross'}]"
SBDXBXT-----CZE02,Czechia 2,ORGN,X,CZE,"[{'discipline': 'Snowboard', 'event': 'Mixed Team Snowboard Cross'}]"
ALPWTC-----CZE02,Czechia 2,ORGN,W,CZE,"[{'discipline': 'Alpine Skiing', 'event': ""Women's Team Combined""}]"
FSKXPAIRS---NED01,DANILOVA Daria / TSIBA Michel,CPLW,X,NED,"[{'discipline': 'Figure Skating', 'event': 'Pair Skating'}]"
FSKXICEDANCEGEO01,DAVIS Diana / SMOLKIN Gleb,CPLW,X,GEO,"[{'discipline': 'Figure Skating', 'event': 'Ice Dance'}, {'discipline': 'Figure Skating', 'event': 'Team Event'}]"
BOBWTEAM2---ITA02,de SILVESTRO Simona,CUSTOM,W,ITA,"[{'discipline': 'Bobsleigh', 'event': '2-woman'}]"
BOBMTEAM2---CAN01,DEARBORN Jay,CUSTOM,M,CAN,"[{'discipline': 'Bobsleigh', 'event': '2-man'}]"
BOBMTEAM4---CAN02,DEARBORN Jay,CUSTOM,M,CAN,"[{'discipline': 'Bobsleigh', 'event': '4-man'}]"
BOBMTEAM2---USA01,del DUCA Frankie,CUSTOM,M,USA,"[{'discipline': 'Bobsleigh', 'event': '2-man'}]"
BOBMTEAM4---USA02,del DUCA Frankie,CUSTOM,M,USA,"[{'discipline': 'Bobsleigh', 'event': '4-man'}]"
IHOMTEAM6---DEN01,Denmark,ORG,M,DEN,"[{'discipline': 'Ice Hockey', 'event': 'Men'}]"
CURWTEAM4---DEN01,Denmark,ORG,W,DEN,"[{'discipline': 'Curling', 'event': 'Women'}]"
LUGMDOUBLES-USA02,DIGREGORIO Zachary / HOLLANDER Sean,CPLP,M,USA,"[{'discipline': 'Luge', 'event': ""Men's Doubles""}]"
LUGWDOUBLES-POL01,DOMOWICZ Nikola / PIWKOWSKA Dominika,CPLP,W,POL,"[{'discipline': 'Luge', 'event': ""Women's Doubles""}, {'discipline': 'Luge', 'event': 'Team Relay'}]"
FSKXICEDANCEPOL01,DOVHAL Sofiia / KULESZA Wiktor,CPLW,X,POL,"[{'discipline': 'Figure Skating', 'event': 'Team Event'}]"
BOBMTEAM4---ISR01,EDELMAN Adam,CUSTOM,M,ISR,"[{'discipline': 'Bobsleigh', 'event': '4-man'}]"
BOBMTEAM2---ISR01,EDELMAN Adam,CUSTOM,M,ISR,"[{'discipline': 'Bobsleigh', 'event': '2-man'}]"
LUGMDOUBLES-GER02,EGGERT Toni / MUELLER Florian,CPLP,M,GER,"[{'discipline': 'Luge', 'event': ""Men's Doubles""}]"
LUGWDOUBLES-AUT01,EGLE Selina / KIPP Lara Michaela,CPLP,W,AUT,"[{'discipline': 'Luge', 'event': ""Women's Doubles""}, {'discipline': 'Luge', 'event': 'Team Relay'}]"
LUGWDOUBLES-GER01,EITBERGER Dajana / MATSCHINA Magdalena,CPLP,W,GER,"[{'discipline': 'Luge', 'event': ""Women's Doubles""}, {'discipline': 'Luge', 'event': 'Team Relay'}]"
NCBMLH2X7.5KEST01,Estonia,ORG,M,EST,"[{'discipline': 'Nordic Combined', 'event': 'Team Sprint'}]"
SJPMLHTEAM2-EST01,Estonia,ORG,M,EST,"[{'discipline': 'Ski Jumping', 'event': ""Men's Super Team""}]"
CURXTEAM2---EST01,Estonia,ORG,X,EST,"[{'discipline': 'Curling', 'event': 'Mixed Doubles'}]"
CCSMTEAMSP2-EST01,Estonia,ORG,M,EST,"[{'discipline': 'Cross-Country Skiing', 'event': ""Men's Team Sprint Free""}]"
BTHXRELAY4--EST01,Estonia,ORG,X,EST,"[{'discipline': 'Biathlon', 'event': 'Mixed Relay 4 x 6km (M+W)'}]"
BTHW4X6KM---EST01,Estonia,ORG,W,EST,"[{'discipline': 'Biathlon', 'event': ""Women's 4 x 6km Relay""}]"
BTHM4X7.5KM-EST01,Estonia,ORG,M,EST,"[{'discipline': 'Biathlon', 'event': ""Men's 4 x 7.5km Relay""}]"
CCSW4X7.5KM-EST01,Estonia,ORG,W,EST,"[{'discipline': 'Cross-Country Skiing', 'event': ""Women's 4 x 7.5km Relay""}]"
CCSWTEAMSP2-EST01,Estonia,ORG,W,EST,"[{'discipline': 'Cross-Country Skiing', 'event': ""Women's Team Sprint Free""}]"
FSKXICEDANCEGBR01,FEAR Lilah / GIBSON Lewis,CPLW,X,GBR,"[{'discipline': 'Figure Skating', 'event': 'Ice Dance'}, {'discipline': 'Figure Skating', 'event': 'Team Event'}]"
IHOMTEAM6---FIN01,Finland,ORG,M,FIN,"[{'discipline': 'Ice Hockey', 'event': 'Men'}]"
IHOWTEAM6---FIN01,Finland,ORG,W,FIN,"[{'discipline': 'Ice Hockey', 'event': 'Women'}]"
CCSMTEAMSP2-FIN01,Finland,ORG,M,FIN,"[{'discipline': 'Cross-Country Skiing', 'event': ""Men's Team Sprint Free""}]"
CCSM4X7.5KM-FIN01,Finland,ORG,M,FIN,"[{'discipline': 'Cross-Country Skiing', 'event': ""Men's 4 x 7.5km Relay""}]"
SJPMLHTEAM2-FIN01,Finland,ORG,M,FIN,"[{'discipline': 'Ski Jumping', 'event': ""Men's Super Team""}]"
NCBMLH2X7.5KFIN01,Finland,ORG,M,FIN,"[{'discipline': 'Nordic Combined', 'event': 'Team Sprint'}]"
SJPXNHTEAM4-FIN01,Finland,ORG,X,FIN,"[{'discipline': 'Ski Jumping', 'event': 'Mixed Team'}]"
CCSWTEAMSP2-FIN01,Finland,ORG,W,FIN,"[{'discipline': 'Cross-Country Skiing', 'event': ""Women's Team Sprint Free""}]"
CCSW4X7.5KM-FIN01,Finland,ORG,W,FIN,"[{'discipline': 'Cross-Country Skiing', 'event': ""Women's 4 x 7.5km Relay""}]"
BTHM4X7.5KM-FIN01,Finland,ORG,M,FIN,"[{'discipline': 'Biathlon', 'event': ""Men's 4 x 7.5km Relay""}]"
BTHW4X6KM---FIN01,Finland,ORG,W,FIN,"[{'discipline': 'Biathlon', 'event': ""Women's 4 x 6km Relay""}]"
BTHXRELAY4--FIN01,Finland,ORG,X,FIN,"[{'discipline': 'Biathlon', 'event': 'Mixed Relay 4 x 6km (M+W)'}]"
ALPMTC-----FIN,Finland,ORG,M,FIN,"[{'discipline': 'Alpine Skiing', 'event': ""Men's Team Combined""}]"
SKNXRELAY2--AUT01,FLOCK Janine / MAIER Samuel,CPLW,X,AUT,"[{'discipline': 'Skeleton', 'event': 'Mixed Team'}]"
BOBMTEAM4---SUI02,FOLLADOR Cedric,CUSTOM,M,SUI,"[{'discipline': 'Bobsleigh', 'event': '4-man'}]"
BOBMTEAM2---SUI02,FOLLADOR Cedric,CUSTOM,M,SUI,"[{'discipline': 'Bobsleigh', 'event': '2-man'}]"
LUGWDOUBLES-USA01,FORGAN Chevonne / KIRKBY Sophia,CPLP,W,USA,"[{'discipline': 'Luge', 'event': ""Women's Doubles""}, {'discipline': 'Luge', 'event': 'Team Relay'}]"
FSKXICEDANCEFRA01,FOURNIER BEAUDRY Laurence / CIZERON Guillaume,CPLW,X,FRA,"[{'discipline': 'Figure Skating', 'event': 'Ice Dance'}, {'discipline': 'Figure Skating', 'event': 'Team Event'}]"
IHOWTEAM6---FRA01,France,ORG,W,FRA,"[{'discipline': 'Ice Hockey', 'event': 'Women'}]"
IHOMTEAM6---FRA01,France,ORG,M,FRA,"[{'discipline': 'Ice Hockey', 'event': 'Men'}]"
FSKXTEAM----FRA01,France,ORG,X,FRA,"[{'discipline': 'Figure Skating', 'event': 'Team Event'}]"
CCSM4X7.5KM-FRA01,France,ORG,M,FRA,"[{'discipline': 'Cross-Country Skiing', 'event': ""Men's 4 x 7.5km Relay""}]"
CCSMTEAMSP2-FRA01,France,ORG,M,FRA,"[{'discipline': 'Cross-Country Skiing', 'event': ""Men's Team Sprint Free""}]"
SJPXNHTEAM4-FRA01,France,ORG,X,FRA,"[{'discipline': 'Ski Jumping', 'event': 'Mixed Team'}]"
NCBMLH2X7.5KFRA01,France,ORG,M,FRA,"[{'discipline': 'Nordic Combined', 'event': 'Team Sprint'}]"
SJPMLHTEAM2-FRA01,France,ORG,M,FRA,"[{'discipline': 'Ski Jumping', 'event': ""Men's Super Team""}]"
SMTXRELAY---FRA01,France,ORG,X,FRA,"[{'discipline': 'Ski Mountaineering', 'event': 'Mixed Relay'}]"
STKW3000MRY4FRA01,France,ORG,W,FRA,"[{'discipline': 'Short Track Speed Skating', 'event': ""Women's 3000m Relay""}]"
STKXRELAY4--FRA01,France,ORG,X,FRA,"[{'discipline': 'Short Track Speed Skating', 'event': 'Mixed Team Relay'}]"
SSKMTEAMPU--FRA01,France,ORG,M,FRA,"[{'discipline': 'Speed Skating', 'event': ""Men's Team Pursuit""}]"
BTHXRELAY4--FRA01,France,ORG,X,FRA,"[{'discipline': 'Biathlon', 'event': 'Mixed Relay 4 x 6km (M+W)'}]"
BTHW4X6KM---FRA01,France,ORG,W,FRA,"[{'discipline': 'Biathlon', 'event': ""Women's 4 x 6km Relay""}]"
BTHM4X7.5KM-FRA01,France,ORG,M,FRA,"[{'discipline': 'Biathlon', 'event': ""Men's 4 x 7.5km Relay""}]"
CCSW4X7.5KM-FRA01,France,ORG,W,FRA,"[{'discipline': 'Cross-Country Skiing', 'event': ""Women's 4 x 7.5km Relay""}]"
CCSWTEAMSP2-FRA02,France,ORG,W,FRA,"[{'discipline': 'Cross-Country Skiing', 'event': ""Women's Team Sprint Free""}]"
ALPMTC-----FRA01,France 1,ORGN,M,FRA,"[{'discipline': 'Alpine Skiing', 'event': ""Men's Team Combined""}]"
ALPWTC-----FRA01,France 1,ORGN,W,FRA,"[{'discipline': 'Alpine Skiing', 'event': ""Women's Team Combined""}]"
SBDXBXT-----FRA01,France 1,ORGN,X,FRA,"[{'discipline': 'Snowboard', 'event': 'Mixed Team Snowboard Cross'}]"
SBDXBXT-----FRA02,France 2,ORGN,X,FRA,"[{'discipline': 'Snowboard', 'event': 'Mixed Team Snowboard Cross'}]"
ALPWTC-----FRA02,France 2,ORGN,W,FRA,"[{'discipline': 'Alpine Skiing', 'event': ""Women's Team Combined""}]"
ALPMTC-----FRA02,France 2,ORGN,M,FRA,"[{'discipline': 'Alpine Skiing', 'event': ""Men's Team Combined""}]"
ALPMTC-----FRA03,France 3,ORGN,M,FRA,"[{'discipline': 'Alpine Skiing', 'event': ""Men's Team Combined""}]"
ALPWTC-----FRA03,France 3,ORGN,W,FRA,"[{'discipline': 'Alpine Skiing', 'event': ""Women's Team Combined""}]"
SBDXBXT-----FRA03,France 3,ORGN,X,FRA,"[{'discipline': 'Snowboard', 'event': 'Mixed Team Snowboard Cross'}]"
BOBMTEAM4---GER01,FRIEDRICH Francesco,CUSTOM,M,GER,"[{'discipline': 'Bobsleigh', 'event': '4-man'}]"
BOBMTEAM2---GER01,FRIEDRICH Francesco,CUSTOM,M,GER,"[{'discipline': 'Bobsleigh', 'event': '2-man'}]"
SKNXRELAY2--ITA02,FUMAGALLI Alessandra / BAGNIS Amedeo,CPLW,X,ITA,"[{'discipline': 'Skeleton', 'event': 'Mixed Team'}]"
LUGMDOUBLES-AUT01,GATT Juri Thomas / SCHOEPF Riccardo Martin,CPLP,M,AUT,"[{'discipline': 'Luge', 'event': ""Men's Doubles""}]"
FSKXTEAM----GEO01,Georgia,ORG,X,GEO,"[{'discipline': 'Figure Skating', 'event': 'Team Event'}]"
CURMTEAM4---GER01,Germany,ORG,M,GER,"[{'discipline': 'Curling', 'event': 'Men'}]"
CCSMTEAMSP2-GER01,Germany,ORG,M,GER,"[{'discipline': 'Cross-Country Skiing', 'event': ""Men's Team Sprint Free""}]"
CCSM4X7.5KM-GER01,Germany,ORG,M,GER,"[{'discipline': 'Cross-Country Skiing', 'event': ""Men's 4 x 7.5km Relay""}]"
IHOMTEAM6---GER01,Germany,ORG,M,GER,"[{'discipline': 'Ice Hockey', 'event': 'Men'}]"
IHOWTEAM6---GER01,Germany,ORG,W,GER,"[{'discipline': 'Ice Hockey', 'event': 'Women'}]"
LUGXRELAY6--GER01,Germany,ORG,X,GER,"[{'discipline': 'Luge', 'event': 'Team Relay'}]"
SJPXNHTEAM4-GER01,Germany,ORG,X,GER,"[{'discipline': 'Ski Jumping', 'event': 'Mixed Team'}]"
NCBMLH2X7.5KGER01,Germany,ORG,M,GER,"[{'discipline': 'Nordic Combined', 'event': 'Team Sprint'}]"
SJPMLHTEAM2-GER01,Germany,ORG,M,GER,"[{'discipline': 'Ski Jumping', 'event': ""Men's Super Team""}]"
SMTXRELAY---GER01,Germany,ORG,X,GER,"[{'discipline': 'Ski Mountaineering', 'event': 'Mixed Relay'}]"
SSKMTEAMPU--GER01,Germany,ORG,M,GER,"[{'discipline': 'Speed Skating', 'event': ""Men's Team Pursuit""}]"
SSKWTEAMPU--GER01,Germany,ORG,W,GER,"[{'discipline': 'Speed Skating', 'event': ""Women's Team Pursuit""}]"
BTHXRELAY4--GER01,Germany,ORG,X,GER,"[{'discipline': 'Biathlon', 'event': 'Mixed Relay 4 x 6km (M+W)'}]"
CCSWTEAMSP2-GER01,Germany,ORG,W,GER,"[{'discipline': 'Cross-Country Skiing', 'event': ""Women's Team Sprint Free""}]"
CCSW4X7.5KM-GER01,Germany,ORG,W,GER,"[{'discipline': 'Cross-Country Skiing', 'event': ""Women's 4 x 7.5km Relay""}]"
BTHM4X7.5KM-GER01,Germany,ORG,M,GER,"[{'discipline': 'Biathlon', 'event': ""Men's 4 x 7.5km Relay""}]"
BTHW4X6KM---GER01,Germany,ORG,W,GER,"[{'discipline': 'Biathlon', 'event': ""Women's 4 x 6km Relay""}]"
ALPWTC-----GER,Germany,ORG,W,GER,"[{'discipline': 'Alpine Skiing', 'event': ""Women's Team Combined""}]"
ALPMTC-----GER,Germany,ORG,M,GER,"[{'discipline': 'Alpine Skiing', 'event': ""Men's Team Combined""}]"
SBDXBXT-----GER01,Germany 1,ORGN,X,GER,"[{'discipline': 'Snowboard', 'event': 'Mixed Team Snowboard Cross'}]"
FSKXPAIRS---ITA02,GHILARDI Rebecca / AMBROSINI Filippo,CPLW,X,ITA,"[{'discipline': 'Figure Skating', 'event': 'Pair Skating'}, {'discipline': 'Figure Skating', 'event': 'Team Event'}]"
FSKXICEDANCECAN01,GILLES Piper / POIRIER Paul,CPLW,X,CAN,"[{'discipline': 'Figure Skating', 'event': 'Ice Dance'}, {'discipline': 'Figure Skating', 'event': 'Team Event'}]"
LUGMDOUBLES-ROU01,GITLAN Vasile-Marian / SERBAN Darius-Lucian,CPLP,M,ROU,"[{'discipline': 'Luge', 'event': ""Men's Doubles""}, {'discipline': 'Luge', 'event': 'Team Relay'}]"
FSKXPAIRS---AUS01,GOLUBEVA Anastasiia / GIOTOPOULOS MOORE Hektor,CPLW,X,AUS,"[{'discipline': 'Figure Skating', 'event': 'Pair Skating'}]"
FSKXTEAM----GBR01,Great Britain,ORG,X,GBR,"[{'discipline': 'Figure Skating', 'event': 'Team Event'}]"
CCSMTEAMSP2-GBR01,Great Britain,ORG,M,GBR,"[{'discipline': 'Cross-Country Skiing', 'event': ""Men's Team Sprint Free""}]"
CURXTEAM2---GBR01,Great Britain,ORG,X,GBR,"[{'discipline': 'Curling', 'event': 'Mixed Doubles'}]"
CURWTEAM4---GBR01,Great Britain,ORG,W,GBR,"[{'discipline': 'Curling', 'event': 'Women'}]"
CURMTEAM4---GBR01,Great Britain,ORG,M,GBR,"[{'discipline': 'Curling', 'event': 'Men'}]"
SBDXBXT-----GBR01,Great Britain 1,ORGN,X,GBR,"[{'discipline': 'Snowboard', 'event': 'Mixed Team Snowboard Cross'}]"
CCSWTEAMSP2-GRE01,Greece,ORG,W,GRE,"[{'discipline': 'Cross-Country Skiing', 'event': ""Women's Team Sprint Free""}]"
FSKXICEDANCEITA01,GUIGNARD Charlene / FABBRI Marco,CPLW,X,ITA,"[{'discipline': 'Figure Skating', 'event': 'Ice Dance'}, {'discipline': 'Figure Skating', 'event': 'Team Event'}]"
LUGWDOUBLES-CHN01,GULIJIENAITI Adikeyoumu / ZHAO Jiaying,CPLP,W,CHN,"[{'discipline': 'Luge', 'event': ""Women's Doubles""}, {'discipline': 'Luge', 'event': 'Team Relay'}]"
BOBMTEAM2---GBR01,HALL Brad,CUSTOM,M,GBR,"[{'discipline': 'Bobsleigh', 'event': '2-man'}]"
BOBMTEAM4---GBR01,HALL Brad,CUSTOM,M,GBR,"[{'discipline': 'Bobsleigh', 'event': '4-man'}]"
FSKXICEDANCEAUS01,HARRIS Holly / CHAN Jason,CPLW,X,AUS,"[{'discipline': 'Figure Skating', 'event': 'Ice Dance'}]"
FSKXPAIRS---GER01,HASE Minerva Fabienne / VOLODIN Nikita,CPLW,X,GER,"[{'discipline': 'Figure Skating', 'event': 'Pair Skating'}]"
BOBWTEAM2---SUI01,HASLER Melanie,CUSTOM,W,SUI,"[{'discipline': 'Bobsleigh', 'event': '2-woman'}]"
BOBWTEAM2---AUT02,HASLWANTER Lea,CUSTOM,W,AUT,"[{'discipline': 'Bobsleigh', 'event': '2-woman'}]"
BOBMTEAM2---FRA01,HEINRICH Romain,CUSTOM,M,FRA,"[{'discipline': 'Bobsleigh', 'event': '2-man'}]"
BOBMTEAM4---FRA01,HEINRICH Romain,CUSTOM,M,FRA,"[{'discipline': 'Bobsleigh', 'event': '4-man'}]"
FSKXPAIRS---GER02,HOCKE Annika / KUNKEL Robert,CPLW,X,GER,"[{'discipline': 'Figure Skating', 'event': 'Pair Skating'}]"
LUGMDOUBLES-UKR01,HOI Ihor / KACHMAR Nazarii,CPLP,M,UKR,"[{'discipline': 'Luge', 'event': ""Men's Doubles""}, {'discipline': 'Luge', 'event': 'Team Relay'}]"
SKNXRELAY2--KOR01,HONG Sujung / JUNG Seunggi,CPLW,X,KOR,"[{'discipline': 'Skeleton', 'event': 'Mixed Team'}]"
BOBMTEAM4---USA01,HORN Kristopher,CUSTOM,M,USA,"[{'discipline': 'Bobsleigh', 'event': '4-man'}]"
BOBWTEAM2---CHN01,HUAI Mingming,CUSTOM,W,CHN,"[{'discipline': 'Bobsleigh', 'event': '2-woman'}]"
CCSWTEAMSP2-HUN01,Hungary,ORG,W,HUN,"[{'discipline': 'Cross-Country Skiing', 'event': ""Women's Team Sprint Free""}]"
STKXRELAY4--HUN01,Hungary,ORG,X,HUN,"[{'discipline': 'Short Track Speed Skating', 'event': 'Mixed Team Relay'}]"
STKM5000MRY4HUN01,Hungary,ORG,M,HUN,"[{'discipline': 'Short Track Speed Skating', 'event': ""Men's 5000m Relay""}]"
CCSMTEAMSP2-HUN01,Hungary,ORG,M,HUN,"[{'discipline': 'Cross-Country Skiing', 'event': ""Men's Team Sprint Free""}]"
CCSMTEAMSP2-ITA01,Italy,ORG,M,ITA,"[{'discipline': 'Cross-Country Skiing', 'event': ""Men's Team Sprint Free""}]"
CCSM4X7.5KM-ITA01,Italy,ORG,M,ITA,"[{'discipline': 'Cross-Country Skiing', 'event': ""Men's 4 x 7.5km Relay""}]"
FSKXTEAM----ITA01,Italy,ORG,X,ITA,"[{'discipline': 'Figure Skating', 'event': 'Team Event'}]"
CURWTEAM4---ITA01,Italy,ORG,W,ITA,"[{'discipline': 'Curling', 'event': 'Women'}]"
CURXTEAM2---ITA01,Italy,ORG,X,ITA,"[{'discipline': 'Curling', 'event': 'Mixed Doubles'}]"
CURMTEAM4---ITA01,Italy,ORG,M,ITA,"[{'discipline': 'Curling', 'event': 'Men'}]"
IHOWTEAM6---ITA01,Italy,ORG,W,ITA,"[{'discipline': 'Ice Hockey', 'event': 'Women'}]"
IHOMTEAM6---ITA01,Italy,ORG,M,ITA,"[{'discipline': 'Ice Hockey', 'event': 'Men'}]"
STKM5000MRY4ITA01,Italy,ORG,M,ITA,"[{'discipline': 'Short Track Speed Skating', 'event': ""Men's 5000m Relay""}]"
STKW3000MRY4ITA01,Italy,ORG,W,ITA,"[{'discipline': 'Short Track Speed Skating', 'event': ""Women's 3000m Relay""}]"
STKXRELAY4--ITA01,Italy,ORG,X,ITA,"[{'discipline': 'Short Track Speed Skating', 'event': 'Mixed Team Relay'}]"
SSKMTEAMPU--ITA01,Italy,ORG,M,ITA,"[{'discipline': 'Speed Skating', 'event': ""Men's Team Pursuit""}]"
SJPMLHTEAM2-ITA01,Italy,ORG,M,ITA,"[{'discipline': 'Ski Jumping', 'event': ""Men's Super Team""}]"
SMTXRELAY---ITA01,Italy,ORG,X,ITA,"[{'discipline': 'Ski Mountaineering', 'event': 'Mixed Relay'}]"
LUGXRELAY6--ITA01,Italy,ORG,X,ITA,"[{'discipline': 'Luge', 'event': 'Team Relay'}]"
SJPXNHTEAM4-ITA01,Italy,ORG,X,ITA,"[{'discipline': 'Ski Jumping', 'event': 'Mixed Team'}]"
NCBMLH2X7.5KITA01,Italy,ORG,M,ITA,"[{'discipline': 'Nordic Combined', 'event': 'Team Sprint'}]"
CCSWTEAMSP2-ITA01,Italy,ORG,W,ITA,"[{'discipline': 'Cross-Country Skiing', 'event': ""Women's Team Sprint Free""}]"
CCSW4X7.5KM-ITA01,Italy,ORG,W,ITA,"[{'discipline': 'Cross-Country Skiing', 'event': ""Women's 4 x 7.5km Relay""}]"
BTHW4X6KM---ITA01,Italy,ORG,W,ITA,"[{'discipline': 'Biathlon', 'event': ""Women's 4 x 6km Relay""}]"
BTHM4X7.5KM-ITA01,Italy,ORG,M,ITA,"[{'discipline': 'Biathlon', 'event': ""Men's 4 x 7.5km Relay""}]"
BTHXRELAY4--ITA01,Italy,ORG,X,ITA,"[{'discipline': 'Biathlon', 'event': 'Mixed Relay 4 x 6km (M+W)'}]"
ALPMTC-----ITA01,Italy 1,ORGN,M,ITA,"[{'discipline': 'Alpine Skiing', 'event': ""Men's Team Combined""}]"
ALPWTC-----ITA01,Italy 1,ORGN,W,ITA,"[{'discipline': 'Alpine Skiing', 'event': ""Women's Team Combined""}]"
SBDXBXT-----ITA01,Italy 1,ORGN,X,ITA,"[{'discipline': 'Snowboard', 'event': 'Mixed Team Snowboard Cross'}]"
SBDXBXT-----ITA02,Italy 2,ORGN,X,ITA,"[{'discipline': 'Snowboard', 'event': 'Mixed Team Snowboard Cross'}]"
ALPWTC-----ITA02,Italy 2,ORGN,W,ITA,"[{'discipline': 'Alpine Skiing', 'event': ""Women's Team Combined""}]"
ALPMTC-----ITA02,Italy 2,ORGN,M,ITA,"[{'discipline': 'Alpine Skiing', 'event': ""Men's Team Combined""}]"
ALPMTC-----ITA03,Italy 3,ORGN,M,ITA,"[{'discipline': 'Alpine Skiing', 'event': ""Men's Team Combined""}]"
ALPWTC-----ITA03,Italy 3,ORGN,W,ITA,"[{'discipline': 'Alpine Skiing', 'event': ""Women's Team Combined""}]"
ALPWTC-----ITA04,Italy 4,ORGN,W,ITA,"[{'discipline': 'Alpine Skiing', 'event': ""Women's Team Combined""}]"
ALPMTC-----ITA04,Italy 4,ORGN,M,ITA,"[{'discipline': 'Alpine Skiing', 'event': ""Men's Team Combined""}]"
FSKXICEDANCEGER01,JANSE van RENSBURG Jennifer / STEFFAN Benjamin,CPLW,X,GER,"[{'discipline': 'Figure Skating', 'event': 'Ice Dance'}]"
IHOWTEAM6---JPN01,Japan,ORG,W,JPN,"[{'discipline': 'Ice Hockey', 'event': 'Women'}]"
CURWTEAM4---JPN01,Japan,ORG,W,JPN,"[{'discipline': 'Curling', 'event': 'Women'}]"
FSKXTEAM----JPN01,Japan,ORG,X,JPN,"[{'discipline': 'Figure Skating', 'event': 'Team Event'}]"
NCBMLH2X7.5KJPN01,Japan,ORG,M,JPN,"[{'discipline': 'Nordic Combined', 'event': 'Team Sprint'}]"
SJPXNHTEAM4-JPN01,Japan,ORG,X,JPN,"[{'discipline': 'Ski Jumping', 'event': 'Mixed Team'}]"
SJPMLHTEAM2-JPN01,Japan,ORG,M,JPN,"[{'discipline': 'Ski Jumping', 'event': ""Men's Super Team""}]"
SSKMTEAMPU--JPN01,Japan,ORG,M,JPN,"[{'discipline': 'Speed Skating', 'event': ""Men's Team Pursuit""}]"
SSKWTEAMPU--JPN01,Japan,ORG,W,JPN,"[{'discipline': 'Speed Skating', 'event': ""Women's Team Pursuit""}]"
STKXRELAY4--JPN01,Japan,ORG,X,JPN,"[{'discipline': 'Short Track Speed Skating', 'event': 'Mixed Team Relay'}]"
STKW3000MRY4JPN01,Japan,ORG,W,JPN,"[{'discipline': 'Short Track Speed Skating', 'event': ""Women's 3000m Relay""}]"
STKM5000MRY4JPN01,Japan,ORG,M,JPN,"[{'discipline': 'Short Track Speed Skating', 'event': ""Men's 5000m Relay""}]"
SKNXRELAY2--DEN01,JOHANSEN Nanna / VESTERGAARD JOHANSEN Rasmus,CPLW,X,DEN,"[{'discipline': 'Skeleton', 'event': 'Mixed Team'}]"
LUGMDOUBLES-CHN01,JUBAYI Saikeyi / HOU Shuo,CPLP,M,CHN,"[{'discipline': 'Luge', 'event': ""Men's Doubles""}, {'discipline': 'Luge', 'event': 'Team Relay'}]"
BOBMTEAM4---LAT01,KALENDA Jekabs,CUSTOM,M,LAT,"[{'discipline': 'Bobsleigh', 'event': '4-man'}]"
BOBMTEAM2---LAT01,KALENDA Jekabs,CUSTOM,M,LAT,"[{'discipline': 'Bobsleigh', 'event': '2-man'}]"
BOBWTEAM2---GER02,KALICKI Kim,CUSTOM,W,GER,"[{'discipline': 'Bobsleigh', 'event': '2-woman'}]"
FSKXPAIRS---USA01,KAM Ellie / O'SHEA Danny,CPLW,X,USA,"[{'discipline': 'Figure Skating', 'event': 'Pair Skating'}, {'discipline': 'Figure Skating', 'event': 'Team Event'}]"
FRSXAET-----KAZ01,Kazakhstan,ORG,X,KAZ,"[{'discipline': 'Freestyle Skiing', 'event': 'Mixed Team Aerials'}]"
CCSMTEAMSP2-KAZ01,Kazakhstan,ORG,M,KAZ,"[{'discipline': 'Cross-Country Skiing', 'event': ""Men's Team Sprint Free""}]"
SJPMLHTEAM2-KAZ01,Kazakhstan,ORG,M,KAZ,"[{'discipline': 'Ski Jumping', 'event': ""Men's Super Team""}]"
STKXRELAY4--KAZ01,Kazakhstan,ORG,X,KAZ,"[{'discipline': 'Short Track Speed Skating', 'event': 'Mixed Team Relay'}]"
SSKWTEAMPU--KAZ01,Kazakhstan,ORG,W,KAZ,"[{'discipline': 'Speed Skating', 'event': ""Women's Team Pursuit""}]"
BTHXRELAY4--KAZ01,Kazakhstan,ORG,X,KAZ,"[{'discipline': 'Biathlon', 'event': 'Mixed Relay 4 x 6km (M+W)'}]"
CCSW4X7.5KM-KAZ01,Kazakhstan,ORG,W,KAZ,"[{'discipline': 'Cross-Country Skiing', 'event': ""Women's 4 x 7.5km Relay""}]"
CCSWTEAMSP2-KAZ01,Kazakhstan,ORG,W,KAZ,"[{'discipline': 'Cross-Country Skiing', 'event': ""Women's Team Sprint Free""}]"
BOBMTEAM2---KOR01,KIM Jinsu,CUSTOM,M,KOR,"[{'discipline': 'Bobsleigh', 'event': '2-man'}]"
BOBMTEAM4---KOR01,KIM Jinsu,CUSTOM,M,KOR,"[{'discipline': 'Bobsleigh', 'event': '4-man'}]"
BOBWTEAM2---KOR01,KIM Yooran,CUSTOM,W,KOR,"[{'discipline': 'Bobsleigh', 'event': '2-woman'}]"
FSKXPAIRS---FRA01,KOVALEV Camille / KOVALEV Pavel,CPLW,X,FRA,"[{'discipline': 'Figure Skating', 'event': 'Pair Skating'}, {'discipline': 'Figure Skating', 'event': 'Team Event'}]"
BOBMTEAM4---LIE01,KRANZ Martin,CUSTOM,M,LIE,"[{'discipline': 'Bobsleigh', 'event': '4-man'}]"
BOBMTEAM2---LIE01,KRANZ Martin,CUSTOM,M,LIE,"[{'discipline': 'Bobsleigh', 'event': '2-man'}]"
SKNXRELAY2--GER02,KREHER Susanne / JUNGK Axel,CPLW,X,GER,"[{'discipline': 'Skeleton', 'event': 'Mixed Team'}]"
FSKXICEDANCECAN02,LAJOIE Marjorie / LAGHA Zachary,CPLW,X,CAN,"[{'discipline': 'Figure Skating', 'event': 'Ice Dance'}, {'discipline': 'Figure Skating', 'event': 'Team Event'}]"
IHOMTEAM6---LAT01,Latvia,ORG,M,LAT,"[{'discipline': 'Ice Hockey', 'event': 'Men'}]"
CCSMTEAMSP2-LAT01,Latvia,ORG,M,LAT,"[{'discipline': 'Cross-Country Skiing', 'event': ""Men's Team Sprint Free""}]"
LUGXRELAY6--LAT01,Latvia,ORG,X,LAT,"[{'discipline': 'Luge', 'event': 'Team Relay'}]"
BTHXRELAY4--LAT01,Latvia,ORG,X,LAT,"[{'discipline': 'Biathlon', 'event': 'Mixed Relay 4 x 6km (M+W)'}]"
CCSWTEAMSP2-LAT01,Latvia,ORG,W,LAT,"[{'discipline': 'Cross-Country Skiing', 'event': ""Women's Team Sprint Free""}]"
CCSW4X7.5KM-LAT01,Latvia,ORG,W,LAT,"[{'discipline': 'Cross-Country Skiing', 'event': ""Women's 4 x 7.5km Relay""}]"
BTHM4X7.5KM-LAT01,Latvia,ORG,M,LAT,"[{'discipline': 'Biathlon', 'event': ""Men's 4 x 7.5km Relay""}]"
BTHW4X6KM---LAT01,Latvia,ORG,W,LAT,"[{'discipline': 'Biathlon', 'event': ""Women's 4 x 6km Relay""}]"
FSKXICEDANCECAN03,LAURIAULT Marie-Jade / le GAC Romain,CPLW,X,CAN,"[{'discipline': 'Figure Skating', 'event': 'Ice Dance'}, {'discipline': 'Figure Skating', 'event': 'Team Event'}]"
BOBMTEAM4---CHN02,LI Chunjian,CUSTOM,M,CHN,"[{'discipline': 'Bobsleigh', 'event': '4-man'}]"
BOBMTEAM2---CHN02,LI Chunjian,CUSTOM,M,CHN,"[{'discipline': 'Bobsleigh', 'event': '2-man'}]"
SKNXRELAY2--CHN01,LIANG Yuxin / LIN Qinwei,CPLW,X,CHN,"[{'discipline': 'Skeleton', 'event': 'Mixed Team'}]"
FSKXICEDANCEKOR01,LIM Hannah / QUAN Ye,CPLW,X,KOR,"[{'discipline': 'Figure Skating', 'event': 'Ice Dance'}, {'discipline': 'Figure Skating', 'event': 'Team Event'}]"
BOBWTEAM2---TPE01,LIN Sin-Rong,CUSTOM,W,TPE,"[{'discipline': 'Bobsleigh', 'event': '2-woman'}]"
CCSWTEAMSP2-LTU01,Lithuania,ORG,W,LTU,"[{'discipline': 'Cross-Country Skiing', 'event': ""Women's Team Sprint Free""}]"
BTHXRELAY4--LTU01,Lithuania,ORG,X,LTU,"[{'discipline': 'Biathlon', 'event': 'Mixed Relay 4 x 6km (M+W)'}]"
BTHW4X6KM---LTU01,Lithuania,ORG,W,LTU,"[{'discipline': 'Biathlon', 'event': ""Women's 4 x 6km Relay""}]"
BTHM4X7.5KM-LTU01,Lithuania,ORG,M,LTU,"[{'discipline': 'Biathlon', 'event': ""Men's 4 x 7.5km Relay""}]"
CCSMTEAMSP2-LTU01,Lithuania,ORG,M,LTU,"[{'discipline': 'Cross-Country Skiing', 'event': ""Men's Team Sprint Free""}]"
BOBMTEAM2---GER02,LOCHNER Johannes,CUSTOM,M,GER,"[{'discipline': 'Bobsleigh', 'event': '2-man'}]"
BOBMTEAM4---GER02,LOCHNER Johannes,CUSTOM,M,GER,"[{'discipline': 'Bobsleigh', 'event': '4-man'}]"
FSKXICEDANCEFRA02,LOPAREVA Evgeniia / BRISSAUD Geoffrey,CPLW,X,FRA,"[{'discipline': 'Figure Skating', 'event': 'Ice Dance'}, {'discipline': 'Figure Skating', 'event': 'Team Event'}]"
BOBWTEAM2---CAN02,LOTHOLZ Melissa,CUSTOM,W,CAN,"[{'discipline': 'Bobsleigh', 'event': '2-woman'}]"
BOBWTEAM2---USA02,LOVE Kaysha,CUSTOM,W,USA,"[{'discipline': 'Bobsleigh', 'event': '2-woman'}]"
BOBMTEAM2---AUT02,MANDLBAUER Jakob,CUSTOM,M,AUT,"[{'discipline': 'Bobsleigh', 'event': '2-man'}]"
BOBMTEAM4---AUT02,MANDLBAUER Jakob,CUSTOM,M,AUT,"[{'discipline': 'Bobsleigh', 'event': '4-man'}]"
SKNXRELAY2--ITA01,MARGAGLIO Valentina / GASPARI Mattia,CPLW,X,ITA,"[{'discipline': 'Skeleton', 'event': 'Mixed Team'}]"
LUGMDOUBLES-UKR02,MARTSINOVSKYI Danyil / BABURA Bohdan,CPLP,M,UKR,"[{'discipline': 'Luge', 'event': ""Men's Doubles""}]"
FSKXPAIRS---GEO01,METELKINA Anastasiia / BERULAVA Luka,CPLW,X,GEO,"[{'discipline': 'Figure Skating', 'event': 'Pair Skating'}, {'discipline': 'Figure Skating', 'event': 'Team Event'}]"
BOBWTEAM2---USA03,MEYERS TAYLOR Elana,CUSTOM,W,USA,"[{'discipline': 'Bobsleigh', 'event': '2-woman'}]"
FSKXPAIRS---JPN02,MIURA Riku / KIHARA Ryuichi,CPLW,X,JPN,"[{'discipline': 'Figure Skating', 'event': 'Pair Skating'}, {'discipline': 'Figure Skating', 'event': 'Team Event'}]"
FSKXICEDANCECZE02,MRAZKOVA Katerina / MRAZEK Daniel,CPLW,X,CZE,"[{'discipline': 'Figure Skating', 'event': 'Ice Dance'}]"
LUGMDOUBLES-USA01,MUELLER Marcus / HAUGSJAA Ansel,CPLP,M,USA,"[{'discipline': 'Luge', 'event': ""Men's Doubles""}, {'discipline': 'Luge', 'event': 'Team Relay'}]"
FSKXPAIRS---JPN01,NAGAOKA Yuna / MORIGUCHI Sumitada,CPLW,X,JPN,"[{'discipline': 'Figure Skating', 'event': 'Pair Skating'}, {'discipline': 'Figure Skating', 'event': 'Team Event'}]"
LUGMDOUBLES-ITA01,NAGLER Ivan / MALLEIER Fabian,CPLP,M,ITA,"[{'discipline': 'Luge', 'event': ""Men's Doubles""}]"
SSKWTEAMPU--NED01,Netherlands,ORG,W,NED,"[{'discipline': 'Speed Skating', 'event': ""Women's Team Pursuit""}]"
SSKMTEAMPU--NED01,Netherlands,ORG,M,NED,"[{'discipline': 'Speed Skating', 'event': ""Men's Team Pursuit""}]"
STKXRELAY4--NED01,Netherlands,ORG,X,NED,"[{'discipline': 'Short Track Speed Skating', 'event': 'Mixed Team Relay'}]"
STKM5000MRY4NED01,Netherlands,ORG,M,NED,"[{'discipline': 'Short Track Speed Skating', 'event': ""Men's 5000m Relay""}]"
STKW3000MRY4NED01,Netherlands,ORG,W,NED,"[{'discipline': 'Short Track Speed Skating', 'event': ""Women's 3000m Relay""}]"
BOBWTEAM2---GBR01,NICOLL Adele,CUSTOM,W,GBR,"[{'discipline': 'Bobsleigh', 'event': '2-woman'}]"
BOBWTEAM2---GER01,NOLTE Laura,CUSTOM,W,GER,"[{'discipline': 'Bobsleigh', 'event': '2-woman'}]"
ALPWTC-----NOR,Norway,ORG,W,NOR,"[{'discipline': 'Alpine Skiing', 'event': ""Women's Team Combined""}]"
BTHXRELAY4--NOR01,Norway,ORG,X,NOR,"[{'discipline': 'Biathlon', 'event': 'Mixed Relay 4 x 6km (M+W)'}]"
CCSWTEAMSP2-NOR01,Norway,ORG,W,NOR,"[{'discipline': 'Cross-Country Skiing', 'event': ""Women's Team Sprint Free""}]"
BTHM4X7.5KM-NOR01,Norway,ORG,M,NOR,"[{'discipline': 'Biathlon', 'event': ""Men's 4 x 7.5km Relay""}]"
BTHW4X6KM---NOR01,Norway,ORG,W,NOR,"[{'discipline': 'Biathlon', 'event': ""Women's 4 x 6km Relay""}]"
CCSW4X7.5KM-NOR01,Norway,ORG,W,NOR,"[{'discipline': 'Cross-Country Skiing', 'event': ""Women's 4 x 7.5km Relay""}]"
SSKMTEAMPU--NOR01,Norway,ORG,M,NOR,"[{'discipline': 'Speed Skating', 'event': ""Men's Team Pursuit""}]"
SJPMLHTEAM2-NOR01,Norway,ORG,M,NOR,"[{'discipline': 'Ski Jumping', 'event': ""Men's Super Team""}]"
SMTXRELAY---NOR01,Norway,ORG,X,NOR,"[{'discipline': 'Ski Mountaineering', 'event': 'Mixed Relay'}]"
SJPXNHTEAM4-NOR01,Norway,ORG,X,NOR,"[{'discipline': 'Ski Jumping', 'event': 'Mixed Team'}]"
NCBMLH2X7.5KNOR01,Norway,ORG,M,NOR,"[{'discipline': 'Nordic Combined', 'event': 'Team Sprint'}]"
CCSMTEAMSP2-NOR01,Norway,ORG,M,NOR,"[{'discipline': 'Cross-Country Skiing', 'event': ""Men's Team Sprint Free""}]"
CCSM4X7.5KM-NOR01,Norway,ORG,M,NOR,"[{'discipline': 'Cross-Country Skiing', 'event': ""Men's 4 x 7.5km Relay""}]"
CURXTEAM2---NOR01,Norway,ORG,X,NOR,"[{'discipline': 'Curling', 'event': 'Mixed Doubles'}]"
CURMTEAM4---NOR01,Norway,ORG,M,NOR,"[{'discipline': 'Curling', 'event': 'Men'}]"
ALPMTC-----NOR01,Norway 1,ORGN,M,NOR,"[{'discipline': 'Alpine Skiing', 'event': ""Men's Team Combined""}]"
ALPMTC-----NOR02,Norway 2,ORGN,M,NOR,"[{'discipline': 'Alpine Skiing', 'event': ""Men's Team Combined""}]"
FSKXPAIRS---HUN01,PAVLOVA Maria / SVIATCHENKO Alexei,CPLW,X,HUN,"[{'discipline': 'Figure Skating', 'event': 'Pair Skating'}]"
FSKXTEAM----CHN01,People's Republic of China,ORG,X,CHN,"[{'discipline': 'Figure Skating', 'event': 'Team Event'}]"
LUGXRELAY6--CHN01,People's Republic of China,ORG,X,CHN,"[{'discipline': 'Luge', 'event': 'Team Relay'}]"
CURWTEAM4---CHN01,People's Republic of China,ORG,W,CHN,"[{'discipline': 'Curling', 'event': 'Women'}]"
CURMTEAM4---CHN01,People's Republic of China,ORG,M,CHN,"[{'discipline': 'Curling', 'event': 'Men'}]"
FRSXAET-----CHN01,People's Republic of China,ORG,X,CHN,"[{'discipline': 'Freestyle Skiing', 'event': 'Mixed Team Aerials'}]"
CCSMTEAMSP2-CHN01,People's Republic of China,ORG,M,CHN,"[{'discipline': 'Cross-Country Skiing', 'event': ""Men's Team Sprint Free""}]"
SJPXNHTEAM4-CHN01,People's Republic of China,ORG,X,CHN,"[{'discipline': 'Ski Jumping', 'event': 'Mixed Team'}]"
SJPMLHTEAM2-CHN01,People's Republic of China,ORG,M,CHN,"[{'discipline': 'Ski Jumping', 'event': ""Men's Super Team""}]"
NCBMLH2X7.5KCHN01,People's Republic of China,ORG,M,CHN,"[{'discipline': 'Nordic Combined', 'event': 'Team Sprint'}]"
SMTXRELAY---CHN01,People's Republic of China,ORG,X,CHN,"[{'discipline': 'Ski Mountaineering', 'event': 'Mixed Relay'}]"
SSKWTEAMPU--CHN01,People's Republic of China,ORG,W,CHN,"[{'discipline': 'Speed Skating', 'event': ""Women's Team Pursuit""}]"
SSKMTEAMPU--CHN01,People's Republic of China,ORG,M,CHN,"[{'discipline': 'Speed Skating', 'event': ""Men's Team Pursuit""}]"
STKXRELAY4--CHN01,People's Republic of China,ORG,X,CHN,"[{'discipline': 'Short Track Speed Skating', 'event': 'Mixed Team Relay'}]"
STKW3000MRY4CHN01,People's Republic of China,ORG,W,CHN,"[{'discipline': 'Short Track Speed Skating', 'event': ""Women's 3000m Relay""}]"
STKM5000MRY4CHN01,People's Republic of China,ORG,M,CHN,"[{'discipline': 'Short Track Speed Skating', 'event': ""Men's 5000m Relay""}]"
CCSW4X7.5KM-CHN01,People's Republic of China,ORG,W,CHN,"[{'discipline': 'Cross-Country Skiing', 'event': ""Women's 4 x 7.5km Relay""}]"
CCSWTEAMSP2-CHN01,People's Republic of China,ORG,W,CHN,"[{'discipline': 'Cross-Country Skiing', 'event': ""Women's Team Sprint Free""}]"
FSKXPAIRS---CAN02,PEREIRA Lia / MICHAUD Trennt,CPLW,X,CAN,"[{'discipline': 'Figure Skating', 'event': 'Pair Skating'}, {'discipline': 'Figure Skating', 'event': 'Team Event'}]"
SKNXRELAY2--GER01,PFEIFER Jacqueline / GROTHEER Christopher,CPLW,X,GER,"[{'discipline': 'Skeleton', 'event': 'Mixed Team'}]"
BOBMTEAM2---JAM01,PITTER Shane,CUSTOM,M,JAM,"[{'discipline': 'Bobsleigh', 'event': '2-man'}]"
BOBMTEAM4---JAM01,PITTER Shane,CUSTOM,M,JAM,"[{'discipline': 'Bobsleigh', 'event': '4-man'}]"
LUGWDOUBLES-CAN01,PODULSKY Beattie / ALLAN Kailey,CPLP,W,CAN,"[{'discipline': 'Luge', 'event': ""Women's Doubles""}]"
LUGXRELAY6--POL01,Poland,ORG,X,POL,"[{'discipline': 'Luge', 'event': 'Team Relay'}]"
NCBMLH2X7.5KPOL01,Poland,ORG,M,POL,"[{'discipline': 'Nordic Combined', 'event': 'Team Sprint'}]"
SJPXNHTEAM4-POL01,Poland,ORG,X,POL,"[{'discipline': 'Ski Jumping', 'event': 'Mixed Team'}]"
STKXRELAY4--POL01,Poland,ORG,X,POL,"[{'discipline': 'Short Track Speed Skating', 'event': 'Mixed Team Relay'}]"
SMTXRELAY---POL01,Poland,ORG,X,POL,"[{'discipline': 'Ski Mountaineering', 'event': 'Mixed Relay'}]"
SJPMLHTEAM2-POL01,Poland,ORG,M,POL,"[{'discipline': 'Ski Jumping', 'event': ""Men's Super Team""}]"
CCSMTEAMSP2-POL01,Poland,ORG,M,POL,"[{'discipline': 'Cross-Country Skiing', 'event': ""Men's Team Sprint Free""}]"
FSKXTEAM----POL01,Poland,ORG,X,POL,"[{'discipline': 'Figure Skating', 'event': 'Team Event'}]"
CCSWTEAMSP2-POL02,Poland,ORG,W,POL,"[{'discipline': 'Cross-Country Skiing', 'event': ""Women's Team Sprint Free""}]"
BTHXRELAY4--POL01,Poland,ORG,X,POL,"[{'discipline': 'Biathlon', 'event': 'Mixed Relay 4 x 6km (M+W)'}]"
CCSW4X7.5KM-POL01,Poland,ORG,W,POL,"[{'discipline': 'Cross-Country Skiing', 'event': ""Women's 4 x 7.5km Relay""}]"
BTHW4X6KM---POL01,Poland,ORG,W,POL,"[{'discipline': 'Biathlon', 'event': ""Women's 4 x 6km Relay""}]"
BTHM4X7.5KM-POL01,Poland,ORG,M,POL,"[{'discipline': 'Biathlon', 'event': ""Men's 4 x 7.5km Relay""}]"
LUGWDOUBLES-SVK01,PRAXOVA Viktoria / SPITZOVA Desana,CPLP,W,SVK,"[{'discipline': 'Luge', 'event': ""Women's Doubles""}]"
FSKXICEDANCELTU01,REED Allison / AMBRULEVICIUS Saulius,CPLW,X,LTU,"[{'discipline': 'Figure Skating', 'event': 'Ice Dance'}]"
FSKXICEDANCESWE01,REITAN Milla Ruud / MAJOROV Nikolaj,CPLW,X,SWE,"[{'discipline': 'Figure Skating', 'event': 'Ice Dance'}]"
FSKXTEAM----KOR01,Republic of Korea,ORG,X,KOR,"[{'discipline': 'Figure Skating', 'event': 'Team Event'}]"
CURWTEAM4---KOR01,Republic of Korea,ORG,W,KOR,"[{'discipline': 'Curling', 'event': 'Women'}]"
CURXTEAM2---KOR01,Republic of Korea,ORG,X,KOR,"[{'discipline': 'Curling', 'event': 'Mixed Doubles'}]"
STKXRELAY4--KOR01,Republic of Korea,ORG,X,KOR,"[{'discipline': 'Short Track Speed Skating', 'event': 'Mixed Team Relay'}]"
STKM5000MRY4KOR01,Republic of Korea,ORG,M,KOR,"[{'discipline': 'Short Track Speed Skating', 'event': ""Men's 5000m Relay""}]"
STKW3000MRY4KOR01,Republic of Korea,ORG,W,KOR,"[{'discipline': 'Short Track Speed Skating', 'event': ""Women's 3000m Relay""}]"
CCSWTEAMSP2-KOR01,Republic of Korea,ORG,W,KOR,"[{'discipline': 'Cross-Country Skiing', 'event': ""Women's Team Sprint Free""}]"
BOBWTEAM2---CAN03,RIBI Bianca,CUSTOM,W,CAN,"[{'discipline': 'Bobsleigh', 'event': '2-woman'}]"
LUGMDOUBLES-ITA02,RIEDER Emanuel / KAINZWALDNER Simon,CPLP,M,ITA,"[{'discipline': 'Luge', 'event': ""Men's Doubles""}, {'discipline': 'Luge', 'event': 'Team Relay'}]"
SKNXRELAY2--USA02,RO Mystique / FLORIAN Austin,CPLW,X,USA,"[{'discipline': 'Skeleton', 'event': 'Mixed Team'}]"
LUGWDOUBLES-LAT01,ROBEZNIECE Marta / BOGDANOVA Kitija,CPLP,W,LAT,"[{'discipline': 'Luge', 'event': ""Women's Doubles""}, {'discipline': 'Luge', 'event': 'Team Relay'}]"
BOBMTEAM4---SUI03,ROHNER Timo,CUSTOM,M,SUI,"[{'discipline': 'Bobsleigh', 'event': '4-man'}]"
BOBMTEAM2---SUI03,ROHNER Timo,CUSTOM,M,SUI,"[{'discipline': 'Bobsleigh', 'event': '2-man'}]"
BTHM4X7.5KM-ROU01,Romania,ORG,M,ROU,"[{'discipline': 'Biathlon', 'event': ""Men's 4 x 7.5km Relay""}]"
LUGXRELAY6--ROU01,Romania,ORG,X,ROU,"[{'discipline': 'Luge', 'event': 'Team Relay'}]"
SJPXNHTEAM4-ROU01,Romania,ORG,X,ROU,"[{'discipline': 'Ski Jumping', 'event': 'Mixed Team'}]"
SJPMLHTEAM2-ROU01,Romania,ORG,M,ROU,"[{'discipline': 'Ski Jumping', 'event': ""Men's Super Team""}]"
CCSMTEAMSP2-ROU01,Romania,ORG,M,ROU,"[{'discipline': 'Cross-Country Skiing', 'event': ""Men's Team Sprint Free""}]"
LUGMDOUBLES-LAT02,SEVICS-MIKELSEVICS Eduards / KRASTS Lukass,CPLP,M,LAT,"[{'discipline': 'Luge', 'event': ""Men's Doubles""}]"
SMTXRELAY---SVK01,Slovakia,ORG,X,SVK,"[{'discipline': 'Ski Mountaineering', 'event': 'Mixed Relay'}]"
IHOMTEAM6---SVK01,Slovakia,ORG,M,SVK,"[{'discipline': 'Ice Hockey', 'event': 'Men'}]"
CCSMTEAMSP2-SVK01,Slovakia,ORG,M,SVK,"[{'discipline': 'Cross-Country Skiing', 'event': ""Men's Team Sprint Free""}]"
BTHW4X6KM---SVK01,Slovakia,ORG,W,SVK,"[{'discipline': 'Biathlon', 'event': ""Women's 4 x 6km Relay""}]"
BTHXRELAY4--SVK01,Slovakia,ORG,X,SVK,"[{'discipline': 'Biathlon', 'event': 'Mixed Relay 4 x 6km (M+W)'}]"
ALPWTC-----SVK,Slovakia,ORG,W,SVK,"[{'discipline': 'Alpine Skiing', 'event': ""Women's Team Combined""}]"
ALPWTC-----SLO,Slovenia,ORG,W,SLO,"[{'discipline': 'Alpine Skiing', 'event': ""Women's Team Combined""}]"
CCSWTEAMSP2-SLO02,Slovenia,ORG,W,SLO,"[{'discipline': 'Cross-Country Skiing', 'event': ""Women's Team Sprint Free""}]"
BTHXRELAY4--SLO01,Slovenia,ORG,X,SLO,"[{'discipline': 'Biathlon', 'event': 'Mixed Relay 4 x 6km (M+W)'}]"
CCSW4X7.5KM-SLO01,Slovenia,ORG,W,SLO,"[{'discipline': 'Cross-Country Skiing', 'event': ""Women's 4 x 7.5km Relay""}]"
BTHM4X7.5KM-SLO01,Slovenia,ORG,M,SLO,"[{'discipline': 'Biathlon', 'event': ""Men's 4 x 7.5km Relay""}]"
BTHW4X6KM---SLO01,Slovenia,ORG,W,SLO,"[{'discipline': 'Biathlon', 'event': ""Women's 4 x 6km Relay""}]"
CCSMTEAMSP2-SLO01,Slovenia,ORG,M,SLO,"[{'discipline': 'Cross-Country Skiing', 'event': ""Men's Team Sprint Free""}]"
SJPMLHTEAM2-SLO01,Slovenia,ORG,M,SLO,"[{'discipline': 'Ski Jumping', 'event': ""Men's Super Team""}]"
SJPXNHTEAM4-SLO01,Slovenia,ORG,X,SLO,"[{'discipline': 'Ski Jumping', 'event': 'Mixed Team'}]"
NCBMLH2X7.5KSLO01,Slovenia,ORG,M,SLO,"[{'discipline': 'Nordic Combined', 'event': 'Team Sprint'}]"
FSKXICEDANCEESP01,SMART Olivia / DIECK Tim,CPLW,X,ESP,"[{'discipline': 'Figure Skating', 'event': 'Ice Dance'}]"
SMTXRELAY---ESP01,Spain,ORG,X,ESP,"[{'discipline': 'Ski Mountaineering', 'event': 'Mixed Relay'}]"
CCSMTEAMSP2-ESP01,Spain,ORG,M,ESP,"[{'discipline': 'Cross-Country Skiing', 'event': ""Men's Team Sprint Free""}]"
FSKXPAIRS---CAN01,STELLATO-DUDEK Deanna / DESCHAMPS Maxime,CPLW,X,CAN,"[{'discipline': 'Figure Skating', 'event': 'Pair Skating'}]"
LUGWDOUBLES-UKR01,STETSKIV Olena / MOKH Oleksandra,CPLP,W,UKR,"[{'discipline': 'Luge', 'event': ""Women's Doubles""}, {'discipline': 'Luge', 'event': 'Team Relay'}]"
LUGMDOUBLES-AUT02,STEU Thomas / KINDL Wolfgang,CPLP,M,AUT,"[{'discipline': 'Luge', 'event': ""Men's Doubles""}, {'discipline': 'Luge', 'event': 'Team Relay'}]"
SKNXRELAY2--GBR02,STOECKER Tabitha / WESTON Matt,CPLW,X,GBR,"[{'discipline': 'Skeleton', 'event': 'Mixed Team'}]"
LUGWDOUBLES-ROU01,STRAMATURARU Raluca / MANOLESCU Mihaela-Carmen,CPLP,W,ROU,"[{'discipline': 'Luge', 'event': ""Women's Doubles""}, {'discipline': 'Luge', 'event': 'Team Relay'}]"
FSKXPAIRS---CHN01,SUI Wenjing / HAN Cong,CPLW,X,CHN,"[{'discipline': 'Figure Skating', 'event': 'Pair Skating'}, {'discipline': 'Figure Skating', 'event': 'Team Event'}]"
BOBMTEAM2---KOR02,SUK Youngjin,CUSTOM,M,KOR,"[{'discipline': 'Bobsleigh', 'event': '2-man'}]"
BOBMTEAM4---KOR02,SUK Youngjin,CUSTOM,M,KOR,"[{'discipline': 'Bobsleigh', 'event': '4-man'}]"
BOBMTEAM4---CHN01,SUN Kaizhi,CUSTOM,M,CHN,"[{'discipline': 'Bobsleigh', 'event': '4-man'}]"
BOBMTEAM2---CHN01,SUN Kaizhi,CUSTOM,M,CHN,"[{'discipline': 'Bobsleigh', 'event': '2-man'}]"
CCSWTEAMSP2-SWE01,Sweden,ORG,W,SWE,"[{'discipline': 'Cross-Country Skiing', 'event': ""Women's Team Sprint Free""}]"
BTHM4X7.5KM-SWE01,Sweden,ORG,M,SWE,"[{'discipline': 'Biathlon', 'event': ""Men's 4 x 7.5km Relay""}]"
BTHXRELAY4--SWE01,Sweden,ORG,X,SWE,"[{'discipline': 'Biathlon', 'event': 'Mixed Relay 4 x 6km (M+W)'}]"
BTHW4X6KM---SWE01,Sweden,ORG,W,SWE,"[{'discipline': 'Biathlon', 'event': ""Women's 4 x 6km Relay""}]"
CCSW4X7.5KM-SWE01,Sweden,ORG,W,SWE,"[{'discipline': 'Cross-Country Skiing', 'event': ""Women's 4 x 7.5km Relay""}]"
CCSMTEAMSP2-SWE01,Sweden,ORG,M,SWE,"[{'discipline': 'Cross-Country Skiing', 'event': ""Men's Team Sprint Free""}]"
IHOWTEAM6---SWE01,Sweden,ORG,W,SWE,"[{'discipline': 'Ice Hockey', 'event': 'Women'}]"
IHOMTEAM6---SWE01,Sweden,ORG,M,SWE,"[{'discipline': 'Ice Hockey', 'event': 'Men'}]"
CURWTEAM4---SWE01,Sweden,ORG,W,SWE,"[{'discipline': 'Curling', 'event': 'Women'}]"
CURXTEAM2---SWE01,Sweden,ORG,X,SWE,"[{'discipline': 'Curling', 'event': 'Mixed Doubles'}]"
CCSM4X7.5KM-SWE01,Sweden,ORG,M,SWE,"[{'discipline': 'Cross-Country Skiing', 'event': ""Men's 4 x 7.5km Relay""}]"
CURMTEAM4---SWE01,Sweden,ORG,M,SWE,"[{'discipline': 'Curling', 'event': 'Men'}]"
CURMTEAM4---SUI01,Switzerland,ORG,M,SUI,"[{'discipline': 'Curling', 'event': 'Men'}]"
CURWTEAM4---SUI01,Switzerland,ORG,W,SUI,"[{'discipline': 'Curling', 'event': 'Women'}]"
FRSXAET-----SUI01,Switzerland,ORG,X,SUI,"[{'discipline': 'Freestyle Skiing', 'event': 'Mixed Team Aerials'}]"
CURXTEAM2---SUI01,Switzerland,ORG,X,SUI,"[{'discipline': 'Curling', 'event': 'Mixed Doubles'}]"
CCSM4X7.5KM-SUI01,Switzerland,ORG,M,SUI,"[{'discipline': 'Cross-Country Skiing', 'event': ""Men's 4 x 7.5km Relay""}]"
CCSMTEAMSP2-SUI01,Switzerland,ORG,M,SUI,"[{'discipline': 'Cross-Country Skiing', 'event': ""Men's Team Sprint Free""}]"
IHOMTEAM6---SUI01,Switzerland,ORG,M,SUI,"[{'discipline': 'Ice Hockey', 'event': 'Men'}]"
IHOWTEAM6---SUI01,Switzerland,ORG,W,SUI,"[{'discipline': 'Ice Hockey', 'event': 'Women'}]"
SJPMLHTEAM2-SUI01,Switzerland,ORG,M,SUI,"[{'discipline': 'Ski Jumping', 'event': ""Men's Super Team""}]"
SMTXRELAY---SUI01,Switzerland,ORG,X,SUI,"[{'discipline': 'Ski Mountaineering', 'event': 'Mixed Relay'}]"
CCSW4X7.5KM-SUI01,Switzerland,ORG,W,SUI,"[{'discipline': 'Cross-Country Skiing', 'event': ""Women's 4 x 7.5km Relay""}]"
BTHW4X6KM---SUI01,Switzerland,ORG,W,SUI,"[{'discipline': 'Biathlon', 'event': ""Women's 4 x 6km Relay""}]"
BTHM4X7.5KM-SUI01,Switzerland,ORG,M,SUI,"[{'discipline': 'Biathlon', 'event': ""Men's 4 x 7.5km Relay""}]"
CCSWTEAMSP2-SUI01,Switzerland,ORG,W,SUI,"[{'discipline': 'Cross-Country Skiing', 'event': ""Women's Team Sprint Free""}]"
BTHXRELAY4--SUI01,Switzerland,ORG,X,SUI,"[{'discipline': 'Biathlon', 'event': 'Mixed Relay 4 x 6km (M+W)'}]"
ALPWTC-----SUI01,Switzerland 1,ORGN,W,SUI,"[{'discipline': 'Alpine Skiing', 'event': ""Women's Team Combined""}]"
ALPMTC-----SUI01,Switzerland 1,ORGN,M,SUI,"[{'discipline': 'Alpine Skiing', 'event': ""Men's Team Combined""}]"
SBDXBXT-----SUI01,Switzerland 1,ORGN,X,SUI,"[{'discipline': 'Snowboard', 'event': 'Mixed Team Snowboard Cross'}]"
ALPMTC-----SUI02,Switzerland 2,ORGN,M,SUI,"[{'discipline': 'Alpine Skiing', 'event': ""Men's Team Combined""}]"
ALPWTC-----SUI02,Switzerland 2,ORGN,W,SUI,"[{'discipline': 'Alpine Skiing', 'event': ""Women's Team Combined""}]"
ALPWTC-----SUI03,Switzerland 3,ORGN,W,SUI,"[{'discipline': 'Alpine Skiing', 'event': ""Women's Team Combined""}]"
ALPMTC-----SUI03,Switzerland 3,ORGN,M,SUI,"[{'discipline': 'Alpine Skiing', 'event': ""Men's Team Combined""}]"
ALPMTC-----SUI04,Switzerland 4,ORGN,M,SUI,"[{'discipline': 'Alpine Skiing', 'event': ""Men's Team Combined""}]"
ALPWTC-----SUI04,Switzerland 4,ORGN,W,SUI,"[{'discipline': 'Alpine Skiing', 'event': ""Women's Team Combined""}]"
SKNXRELAY2--GBR01,TARBIT Freya / WYATT Marcus,CPLW,X,GBR,"[{'discipline': 'Skeleton', 'event': 'Mixed Team'}]"
FSKXICEDANCECZE01,TASCHLEROVA Natalie / TASCHLER Filip,CPLW,X,CZE,"[{'discipline': 'Figure Skating', 'event': 'Ice Dance'}]"
BOBMTEAM4---ROU01,TENTEA Mihai Cristian,CUSTOM,M,ROU,"[{'discipline': 'Bobsleigh', 'event': '4-man'}]"
BOBMTEAM2---ROU01,TENTEA Mihai Cristian,CUSTOM,M,ROU,"[{'discipline': 'Bobsleigh', 'event': '2-man'}]"
BOBMTEAM4---AUT01,TREICHL Markus,CUSTOM,M,AUT,"[{'discipline': 'Bobsleigh', 'event': '4-man'}]"
BOBMTEAM2---AUT01,TREICHL Markus,CUSTOM,M,AUT,"[{'discipline': 'Bobsleigh', 'event': '2-man'}]"
SJPMLHTEAM2-TUR01,Türkiye,ORG,M,TUR,"[{'discipline': 'Ski Jumping', 'event': ""Men's Super Team""}]"
FSKXICEDANCEFIN01,TURKKILA Juulia / VERSLUIS Matthias,CPLW,X,FIN,"[{'discipline': 'Figure Skating', 'event': 'Ice Dance'}]"
FRSXAET-----UKR01,Ukraine,ORG,X,UKR,"[{'discipline': 'Freestyle Skiing', 'event': 'Mixed Team Aerials'}]"
SJPMLHTEAM2-UKR01,Ukraine,ORG,M,UKR,"[{'discipline': 'Ski Jumping', 'event': ""Men's Super Team""}]"
NCBMLH2X7.5KUKR01,Ukraine,ORG,M,UKR,"[{'discipline': 'Nordic Combined', 'event': 'Team Sprint'}]"
LUGXRELAY6--UKR01,Ukraine,ORG,X,UKR,"[{'discipline': 'Luge', 'event': 'Team Relay'}]"
BTHM4X7.5KM-UKR01,Ukraine,ORG,M,UKR,"[{'discipline': 'Biathlon', 'event': ""Men's 4 x 7.5km Relay""}]"
CCSWTEAMSP2-UKR01,Ukraine,ORG,W,UKR,"[{'discipline': 'Cross-Country Skiing', 'event': ""Women's Team Sprint Free""}]"
BTHW4X6KM---UKR01,Ukraine,ORG,W,UKR,"[{'discipline': 'Biathlon', 'event': ""Women's 4 x 6km Relay""}]"
BTHXRELAY4--UKR01,Ukraine,ORG,X,UKR,"[{'discipline': 'Biathlon', 'event': 'Mixed Relay 4 x 6km (M+W)'}]"
CCSMTEAMSP2-UKR01,Ukraine,ORG,M,UKR,"[{'discipline': 'Cross-Country Skiing', 'event': ""Men's Team Sprint Free""}]"
CCSW4X7.5KM-UKR01,Ukraine,ORG,W,UKR,"[{'discipline': 'Cross-Country Skiing', 'event': ""Women's 4 x 7.5km Relay""}]"
CCSW4X7.5KM-USA01,United States of America,ORG,W,USA,"[{'discipline': 'Cross-Country Skiing', 'event': ""Women's 4 x 7.5km Relay""}]"
CCSMTEAMSP2-USA01,United States of America,ORG,M,USA,"[{'discipline': 'Cross-Country Skiing', 'event': ""Men's Team Sprint Free""}]"
BTHXRELAY4--USA01,United States of America,ORG,X,USA,"[{'discipline': 'Biathlon', 'event': 'Mixed Relay 4 x 6km (M+W)'}]"
BTHW4X6KM---USA01,United States of America,ORG,W,USA,"[{'discipline': 'Biathlon', 'event': ""Women's 4 x 6km Relay""}]"
CCSWTEAMSP2-USA01,United States of America,ORG,W,USA,"[{'discipline': 'Cross-Country Skiing', 'event': ""Women's Team Sprint Free""}]"
BTHM4X7.5KM-USA01,United States of America,ORG,M,USA,"[{'discipline': 'Biathlon', 'event': ""Men's 4 x 7.5km Relay""}]"
ALPMTC-----USA,United States of America,ORG,M,USA,"[{'discipline': 'Alpine Skiing', 'event': ""Men's Team Combined""}]"
LUGXRELAY6--USA01,United States of America,ORG,X,USA,"[{'discipline': 'Luge', 'event': 'Team Relay'}]"
NCBMLH2X7.5KUSA01,United States of America,ORG,M,USA,"[{'discipline': 'Nordic Combined', 'event': 'Team Sprint'}]"
SJPXNHTEAM4-USA01,United States of America,ORG,X,USA,"[{'discipline': 'Ski Jumping', 'event': 'Mixed Team'}]"
SJPMLHTEAM2-USA01,United States of America,ORG,M,USA,"[{'discipline': 'Ski Jumping', 'event': ""Men's Super Team""}]"
SMTXRELAY---USA01,United States of America,ORG,X,USA,"[{'discipline': 'Ski Mountaineering', 'event': 'Mixed Relay'}]"
STKW3000MRY4USA01,United States of America,ORG,W,USA,"[{'discipline': 'Short Track Speed Skating', 'event': ""Women's 3000m Relay""}]"
STKXRELAY4--USA01,United States of America,ORG,X,USA,"[{'discipline': 'Short Track Speed Skating', 'event': 'Mixed Team Relay'}]"
SSKMTEAMPU--USA01,United States of America,ORG,M,USA,"[{'discipline': 'Speed Skating', 'event': ""Men's Team Pursuit""}]"
SSKWTEAMPU--USA01,United States of America,ORG,W,USA,"[{'discipline': 'Speed Skating', 'event': ""Women's Team Pursuit""}]"
FRSXAET-----USA01,United States of America,ORG,X,USA,"[{'discipline': 'Freestyle Skiing', 'event': 'Mixed Team Aerials'}]"
FSKXTEAM----USA01,United States of America,ORG,X,USA,"[{'discipline': 'Figure Skating', 'event': 'Team Event'}]"
CURMTEAM4---USA01,United States of America,ORG,M,USA,"[{'discipline': 'Curling', 'event': 'Men'}]"
CURWTEAM4---USA01,United States of America,ORG,W,USA,"[{'discipline': 'Curling', 'event': 'Women'}]"
CCSM4X7.5KM-USA01,United States of America,ORG,M,USA,"[{'discipline': 'Cross-Country Skiing', 'event': ""Men's 4 x 7.5km Relay""}]"
CURXTEAM2---USA01,United States of America,ORG,X,USA,"[{'discipline': 'Curling', 'event': 'Mixed Doubles'}]"
IHOWTEAM6---USA01,United States of America,ORG,W,USA,"[{'discipline': 'Ice Hockey', 'event': 'Women'}]"
IHOMTEAM6---USA01,United States of America,ORG,M,USA,"[{'discipline': 'Ice Hockey', 'event': 'Men'}]"
SBDXBXT-----USA01,United States of America 1,ORGN,X,USA,"[{'discipline': 'Snowboard', 'event': 'Mixed Team Snowboard Cross'}]"
ALPWTC-----USA01,United States of America 1,ORGN,W,USA,"[{'discipline': 'Alpine Skiing', 'event': ""Women's Team Combined""}]"
ALPWTC-----USA02,United States of America 2,ORGN,W,USA,"[{'discipline': 'Alpine Skiing', 'event': ""Women's Team Combined""}]"
SBDXBXT-----USA02,United States of America 2,ORGN,X,USA,"[{'discipline': 'Snowboard', 'event': 'Mixed Team Snowboard Cross'}]"
ALPWTC-----USA03,United States of America 3,ORGN,W,USA,"[{'discipline': 'Alpine Skiing', 'event': ""Women's Team Combined""}]"
ALPWTC-----USA04,United States of America 4,ORGN,W,USA,"[{'discipline': 'Alpine Skiing', 'event': ""Women's Team Combined""}]"
FSKXPAIRS---GBR01,VAIPAN-LAW Anastasia / DIGBY Luke,CPLW,X,GBR,"[{'discipline': 'Figure Skating', 'event': 'Pair Skating'}, {'discipline': 'Figure Skating', 'event': 'Team Event'}]"
FSKXICEDANCEESP02,VAL Sofia / KAZIMOV Asaf,CPLW,X,ESP,"[{'discipline': 'Figure Skating', 'event': 'Ice Dance'}]"
LUGWDOUBLES-ITA01,VOETTER Andrea / OBERHOFER Marion,CPLP,W,ITA,"[{'discipline': 'Luge', 'event': ""Women's Doubles""}, {'discipline': 'Luge', 'event': 'Team Relay'}]"
BOBMTEAM4---SUI01,VOGT Michael,CUSTOM,M,SUI,"[{'discipline': 'Bobsleigh', 'event': '4-man'}]"
BOBMTEAM2---SUI01,VOGT Michael,CUSTOM,M,SUI,"[{'discipline': 'Bobsleigh', 'event': '2-man'}]"
BOBWTEAM2---AUS01,WALKER Bree,CUSTOM,W,AUS,"[{'discipline': 'Bobsleigh', 'event': '2-woman'}]"
FSKXICEDANCECHN01,WANG Shiyue / LIU Xinyu,CPLW,X,CHN,"[{'discipline': 'Figure Skating', 'event': 'Ice Dance'}, {'discipline': 'Figure Skating', 'event': 'Team Event'}]"
LUGMDOUBLES-CAN01,WARDROPE Devin / ZAJANSKI Cole,CPLP,M,CAN,"[{'discipline': 'Luge', 'event': ""Men's Doubles""}]"
BOBWTEAM2---POL01,WEISZEWSKI Linda,CUSTOM,W,POL,"[{'discipline': 'Bobsleigh', 'event': '2-woman'}]"
LUGMDOUBLES-GER01,WENDL Tobias / ARLT Tobias,CPLP,M,GER,"[{'discipline': 'Luge', 'event': ""Men's Doubles""}, {'discipline': 'Luge', 'event': 'Team Relay'}]"
BOBMTEAM4---NED01,WESSELINK Dave,CUSTOM,M,NED,"[{'discipline': 'Bobsleigh', 'event': '4-man'}]"
BOBMTEAM2---NED01,WESSELINK Dave,CUSTOM,M,NED,"[{'discipline': 'Bobsleigh', 'event': '2-man'}]"
BOBWTEAM2---CHN02,YING Qing,CUSTOM,W,CHN,"[{'discipline': 'Bobsleigh', 'event': '2-woman'}]"
FSKXICEDANCEJPN01,YOSHIDA Utana / MORITA Masaya,CPLW,X,JPN,"[{'discipline': 'Figure Skating', 'event': 'Team Event'}]"
SKNXRELAY2--CHN02,ZHAO Dan / CHEN Wenhao,CPLW,X,CHN,"[{'discipline': 'Skeleton', 'event': 'Mixed Team'}]"
FSKXICEDANCEUSA02,ZINGAS Emilea / KOLESNIK Vadym,CPLW,X,USA,"[{'discipline': 'Figure Skating', 'event': 'Ice Dance'}, {'discipline': 'Figure Skating', 'event': 'Team Event'}]"
